3	-1807744892
20	-1778384896
25	4194304
26	252
27	-1
37	8519713
38	-2079227896
39	638582784
40	280192
41	-2017034232
42	33588331
43	272
45	2
46	1342177280
47	1076953098
48	34079488
49	406847488
51	-2013251072
52	536870916
53	2532
54	2048
55	67633152
56	67174408
57	1024
58	25165824
59	-2147016704
60	2051
61	65535
62	65535
63	65535
65	100673544
66	393216
67	40632322
68	-268435200
69	1
70	1536
76	1073741823
77	2147483647
78	2147483647
79	2147483647
80	1073741823
81	1073741823
82	58
85	-1
94	34144287
98	-1
108	-2147483648
111	50
115	288
120	-1
135	-1
145	-1
146	-1
147	-1
148	-1
149	-1
161	0
186	-1
187	-1
188	-1
248	35651586
249	-1
250	-1
261	-1
262	-1
288	524288
292	67108864
295	81928
299	-1
300	-1
304	-1
305	-1
423	472
424	-21954882
425	-166461790
429	-1
452	0
453	0
454	0
455	0
456	0
460	0
463	1
476	-1
616	-1
623	-1
627	1073743095
659	65538000
682	58720256
686	-1
687	-1
689	-2147483648
698	-1
699	-1
700	-1
711	1
712	60
713	60
714	60
715	41
717	5
718	-1
723	128
739	131202
740	1
741	1
742	131121
751	655429
752	655381
753	5
754	655397
763	6
764	786518
765	786534
766	786486
775	1
787	655461
811	-1
812	-1
813	-1
814	-1
815	-1
816	-1
817	-1
818	-1
819	-1
820	-1
821	-1
822	-1
823	-1
824	-1
825	-1
826	-1
827	-1
828	-1
829	-1
830	-1
831	-1
832	-1
833	-1
834	-1
835	-1
836	-1
837	-1
838	-1
839	-1
840	-1
841	-1
842	-1
843	-1
844	-1
845	-1
846	-1
847	-1
848	-1
849	-1
850	-1
851	-1
852	-1
853	-1
854	-1
855	-1
856	-1
857	-1
858	-1
859	-1
860	-1
861	-1
862	-1
863	-1
864	-1
865	-1
866	-1
867	-1
868	-1
869	-1
870	-1
871	-1
872	-1
873	-1
874	-1
875	-1
876	-1
877	-1
878	-1
879	-1
880	-1
881	-1
882	-1
883	-1
884	-1
885	-1
886	-1
887	-1
888	-1
889	-1
890	-1
891	-1
892	-1
893	-1
894	-1
1069	-1
1096	-2080374784
1101	-1
1102	1048559
1103	137101209
1104	-1
1106	-1
1107	32289
1168	-1
1169	-1
1170	-1
1172	-1
1175	-1
1191	35
1228	19456
1258	284256
1262	65584
1264	2099200
1265	1342013489
1295	1000
1297	1
1302	-1
1305	335555072
1357	67108864
1384	-1
1408	4194304
1409	8883
1415	33554432
1442	-1
1444	33560962
1445	19
1449	268441985
1450	4096
1451	1048576
1452	7630455
1453	2050439936
1457	30521800
1499	-1
1500	-1
1501	-1
1502	-1
1503	-1
1504	-1
1506	-1
1507	-1
1508	-1
1509	-1
1510	-1
1569	262144
1581	14
1602	-1
1604	-1
1608	-1
1609	-1
1618	4096
1661	-1
1697	-1
1701	-1
1720	-1
1748	225
1760	-1
1761	-1
1762	-1
1763	-1
1764	-1
1765	-1
1766	-1
1767	-1
1772	753695
1773	524296
1774	67121160
1775	525312
1784	-1
1787	60
1789	393216
1793	-1
1831	-1
2006	1073741824
2088	-1
2141	536870912
2145	2097152
2193	536870912
2195	-1610612736
2269	268435456
2279	-1
2280	-1
2281	-1
2282	-1
2283	-1
2284	-1
2391	262144
2497	536870912
2533	-1
2604	-1
2605	-1
2606	-1
2607	-1
2608	-1
2609	-1
2610	-1
2611	-1
2644	-1
2645	-1
2646	-1
2647	-1
2648	-1
2649	-1
2650	-1
2651	-1
2652	-1
2653	-1
2654	-1
2655	-1
2656	-1
2662	-1
2724	29705650
2776	-1
2807	-1
2863	117440512
2914	-2147483648
2937	268435456
2947	-1
2956	-1
2957	-1
2958	-1
2975	-1
2985	-1
2999	-1
3000	2056899890
3001	2684520
3002	262144
3013	-1
3014	-1
3015	-1
3016	-1
3022	134217728
3045	-1
3075	1342177280
3079	8883
3083	1073741824
3091	16384
3092	1
3093	16384
3094	536870913
3098	1
3100	-2147483648
3103	268435456
3120	219
3121	96256
3124	1
3125	17
3126	17
3127	17
3166	-2140631008
3170	-1
3186	-1
3220	4
3226	-1
3249	1
3252	-1
3253	-1
3254	-1
3255	-1
3256	-1
3257	-1
3258	-1
3259	1536
3260	33554432
3261	1048580
3262	1073741824
3264	536870912
3274	65636
3276	511305630
3277	4
3354	-1
3453	2376704
3472	-1
3473	-1
3501	536903333
3502	1073741824
3506	-1
3531	41
3535	65536
3538	-1
3550	-1
3551	184614656
3561	44
3563	44
3573	-1
3574	-1
3620	124
3624	2048
3668	1073741824
3680	722945
3683	1
3695	-1
3696	-1
3697	-1
3698	-1
3699	-1
3700	-2147483648
3706	1024
3708	2113543
3709	256
3711	64
3829	2147328
3843	1610678272
3857	-1
3858	-1
3864	-1
3865	-1
3866	-1
3867	-1
3883	93067266
3889	12288
3890	-1
3906	-1
3913	402667568
3914	353730986
3915	872424448
3919	524288
3925	2097152
3930	67192
3940	64
3977	1073741824
3986	-1
4012	227422
4033	805306368
4050	1
4051	1
4052	1
4053	135168
4065	-1
4067	-1
4069	-1
4071	-1
4073	-1
4075	-1
4077	-1
4079	-1
4081	-1
4083	-1
4085	-1
4087	-1
4089	-1
4091	-1
4093	-1
4095	-1
4097	-1
4099	-1
4101	-1
4103	-1
4105	-1
4107	-1
4109	-1
4111	-1
4113	-1
4115	-1
4117	-1
4119	-1
4121	-1
4123	-1
4125	-1
4127	-1
4129	-1
4131	-1
4133	-1
4135	-1
4137	-1
4141	1
4142	1
4148	16
4160	-1
4165	3145728
4263	16777728
4319	-1
4320	-1
4321	-1
4322	-1
4323	-1
4324	-1
4325	-1
4326	-1
4327	-1
4328	-1
4329	-1
4330	-1
4334	16777222
4335	-1
4391	67108864
4408	-1
4409	-1
4410	1073741824
4427	-1
4428	-1
4429	-1
4430	-1
4431	-1
4432	-1
4433	-1
4434	-1
4435	-1
4436	-1
4437	-1
4438	-1
4439	-1
4440	-1
4468	64
4477	9216
4516	-2139094561
4519	16384
4520	384
4562	-1
4686	536870912
4691	64
4734	-1
4735	-1
4737	3145728
4739	4227073
4763	-536868864
4781	5242880
4788	67108864
4789	-1
4813	8388608
4818	49152
4824	-1
4850	-1
4859	-1
4860	-1
4871	-1
4886	5
4895	536870912
4896	603979776
4897	402653184
4898	67108864
4919	670
5005	-1
5006	-1
5019	1103102976
5020	1073745920
5030	-1
5050	1024
5053	512
5060	-1
5062	-1
5085	536870917
5087	-1
5091	293949696
5107	-1
5108	-1
5144	-1
5148	-1
5152	1073741824
5166	262157
5186	67108864
5196	-1
5197	-1
5200	-1
5263	416
5264	50331652
5265	786550
5335	-1
5336	-1
5337	-1
5338	-1
5339	-1
5340	-1
5341	-1
5342	-1
5343	-1
5344	-1
5345	-1
5346	-1
5347	-1
5348	-1
5349	-1
5350	-1
5351	-1
5352	-1
5353	-1
5354	-1
5355	-1
5356	-1
5357	-1
5358	-1
5359	-1
5360	-1
5361	-1
5362	-1
5363	-1
5364	-1
5365	-1
5366	-1
5367	-1
5368	-1
5369	-1
5370	-1
5371	-1
5372	-1
5373	-1
5374	-1
5375	-1
5376	-1
5377	-1
5378	-1
5379	-1
5380	-1
5381	-1
5382	-1
5383	-1
5384	-1
5385	-1
5386	-1
5387	-1
5388	-1
5389	-1
5390	-1
5391	-1
5392	-1
5393	-1
5394	-1
5395	-1
5396	-1
5397	-1
5398	-1
5399	-1
5400	-1
5401	-1
5402	-1
5403	-1
5404	-1
5413	1572867
5414	-1
5419	1
5420	1
5421	2
5422	3
5423	4
5424	4
5425	-1
5426	-1
5428	-1
5673	1073741824
5676	-1
5682	7168
5684	-1
5701	2048
5704	1072627713
5712	-1
5713	-1
5714	-1
5715	-1
5716	-1
5734	262144
5758	67108864
5787	-1
5804	-1
5810	-1
5826	-1
5827	-1
5830	1073741824
5833	268435456
5839	64
5841	4194304
5854	-1
5860	1713504256
5863	34816
5868	268502912
5872	1073741823
5873	1073741823
5874	1073741823
5875	1073741823
5876	1073741823
5877	1073741823
5878	1073741823
5879	1073741823
5880	1073741823
5886	-1
5900	131072
5905	1084227584
5906	134217792
5908	25165824
5910	-2147483648
5936	-1
5939	16777216
5943	16777216
5945	67108896
5953	8388608
5962	1459682630
5967	512
5971	3080
5992	-1
5993	-1
6079	-1
6080	-1
6081	-1
6082	-1
6083	-1
6084	-1
6085	-1
6086	-1
6087	-1
6101	16384
6107	1073741824
6115	-2147483648
6120	-2147483648
6140	131184
6152	-16912800
6153	-16912800
6154	12792912
6156	32
6157	180224
6158	1024
6162	48373
6164	8192
6165	1048576
6168	-1
6199	-2147483648
6214	-1
6230	4194304
6231	-2147479328
6251	1094713344
6349	1048576
6361	-1
6370	-1
6379	536870912
6380	2
6384	393216
6392	-1
6393	-1
6405	134217728
6409	419430527
6410	419430527
6411	419430527
6412	419430527
6413	419430527
6414	419430527
6415	419430527
6416	419430527
6447	2048
6448	163840
6454	524288
6461	1061417984
6464	540672
6465	536870912
6505	1073741824
6507	69632
6522	16384
6543	262144
6562	65536
6565	33554432
6568	-1
6594	419430527
6595	419430527
6596	419430527
6597	419430527
6613	-2147483648
6617	536870912
6620	-1
6621	-1
6625	33650688
6628	-1
6648	175
6691	16384
6692	-2147483648
6694	-536870912
6745	-1
6754	-2147483648
6758	-1
6766	-1
6767	-1
6777	524288
6795	8388608
6796	-1
6797	200
6798	256
6807	193
6810	-1
6811	-1
6812	-1
6813	-1
6814	-1
6815	-1
6816	-1
6817	-1
6818	-1
6819	-1
6820	-1
6867	-1
6868	-1
6880	1
6884	2
6891	-1
6910	536870912
6912	256
6920	256
6991	1
7008	268435456
7035	260128768
7048	128
7052	1602224128
7078	28905
7079	18
7080	28905
7081	18
7082	31613
7083	3203
7084	29923
7085	19
7086	27632
7087	20
7088	28498
7089	20
7090	29896
7091	20
7092	37134
7093	21
7095	-2147483648
7100	1
7101	-1
7103	2
7107	12582912
7120	838672
7122	10
7125	1
7126	9
7134	-1
7172	36944
7246	-1
7253	-1
7254	-1
7534	8
7535	-1
7539	-2147483648
7544	1025
7550	512
7557	4
7612	4
7614	-2009037821
7618	8192
7622	134217728
7624	127
7633	1
7641	-2147483648
7650	-1
7651	-1
7652	-1
7655	1572897
7710	231
7721	1
7722	8
7723	-1
7724	-1
7725	-1
7798	4
7809	-1
7810	-1
7811	2112
7825	226
7836	536870912
7847	268435456
7848	3
7863	-1
7864	16777216
7871	1073741824
7881	-1
7894	1048576
7904	134217728
7909	-1
7910	536870912
7916	805306368
7923	33554432
7960	-1
7981	-1
7982	-1
7983	-1
7988	77284
7994	-1
7995	-1
7998	2048
7999	6
8004	-1
8029	-1
8030	-1
8031	-1
8040	98404
8041	201326592
8042	-1
8067	-1
8068	-1
8069	-1
8070	-1
8071	-1
8072	-1
8089	-2147483648
8091	-2147483648
8103	-1
8112	-1
8113	-1
8114	-1
8115	-1
8116	-1
8117	-1
8118	-1
8119	-1
8120	-1
8121	-1
8157	-1
8158	134217728
8173	-1
8174	-1
8197	196608
8203	1073741824
8207	524288
8213	1073741824
8223	64
8242	-1
8245	1048576
8258	32768
8276	267714562
8282	2048
8283	1
8328	19
8331	-1
8332	-1
8333	-1
8334	-1
8335	-1
8339	-1
8442	8
8463	-1
8464	-1
8465	-1
8466	-1
8467	-1
8468	-1
8469	-1
8470	-1
8471	-1
8472	-1
8473	-1
8474	-1
8475	-1
8476	-1
8477	-1
8478	-1
8479	-1
8480	-1
8481	-1
8482	-1
8526	1310720
8531	-1
8549	262144
8551	-1
8568	-21954882
8569	-166461790
8570	-21954882
8571	-166461790
8573	-1
8579	8883
8601	-1
8628	-1
8629	-1
8630	-1
8631	-1
8661	8192
8693	536870913
8698	1
8728	8
8729	2
8745	-1
8746	-1
8748	-1
8749	-1
8750	-1
8751	-1
8752	-1
8755	17039360
8756	1090519041
8757	25426
8801	-1
8802	-1
8803	-1
8804	-1
8805	-1
8806	-1
8807	-1
8808	-1
8809	-1
8810	-1
8811	-1
8812	-1
8813	-1
8814	-1
8815	-1
8816	-1
8817	-1
8818	-1
8819	-1
8820	-1
8821	-1
8822	-1
8823	-1
8824	-1
8825	-1
8826	-1
8827	-1
8828	-1
8829	-1
8830	-1
8831	-1
8832	-1
8833	-1
8834	-1
8835	-1
8836	-1
8837	-1
8838	-1
8839	-1
8840	-1
8841	-1
8842	-1
8958	2
8970	-1
9005	-1
9063	-1
9064	-1
9071	-1
9091	-1
9092	-1
9093	-1
9094	-1
9095	-1
9096	-1
9097	-1
9098	-1
9099	-1
9100	-1
9117	-1
9118	-1
9119	-1
9120	-1
9121	-1
9122	-1
9123	-1
9124	-1
9125	-1
9126	-1
9127	-1
9128	-1
9133	4227074
9137	-1
9140	-1
9143	-1
9146	-1
9149	-1
9168	512
9178	-1
9179	-1
9180	-1
9181	-1
9182	-1
9183	-1
9184	-1
9185	-1
9186	-1
9187	-1
9188	-1
9189	-1
9190	-1
9200	-1
9212	-1
9215	-1
9216	-1
9284	-1
9288	-1
9294	-1
9408	192
9434	1048576
9436	-1
9438	-1
9440	-1
9445	8883
9451	1
9460	-1
9465	-1
9501	-1
9528	-1
9590	-1
9594	-1
9596	-1
9607	-1
9608	-1
9609	-1
9610	60
9611	3
9612	-1
9613	-1
9614	-1
9615	-1
9616	-1
9617	-1
9618	-1
9619	-1
9622	-1
9623	-1
9624	-1
9625	-1
9626	-1
9628	-1
9629	-1
9630	-1
9631	-1
9681	65536
9684	-1
9685	-1
9686	-1
9687	-1
9688	-1
9689	-1
9690	-1
9691	-1
9692	-1
9693	-1
9694	-1
9695	-1
9696	-1
9697	-1
9715	-1
9727	-1
9728	-1
9729	-1
9730	-1
9731	-1
9732	-1
9733	-1
9749	-1
9750	-1
9751	-1
9752	-1
9753	-1
9754	-1
9755	-1
9756	-1
9759	-1
9761	-1
9773	-1
9774	-1
9775	100
9792	128
9793	-1
9796	8190
9800	1
9801	1073741823
9802	1073741823
9803	1073741823
9804	1073741823
9805	1073741823
9806	1073741823
9807	1073741823
9808	1073741823
9809	1073741823
9810	1073741823
9811	1073741823
9812	1073741823
9813	1073741823
9814	1073741823
9815	1073741823
9816	1073741823
9817	1073741823
9818	1073741823
9819	1073741823
9820	1073741823
9821	1073741823
9822	1073741823
9823	1073741823
9824	1073741823
9825	1073741823
9826	1073741823
9827	1073741823
9828	1073741823
9829	1073741823
9830	1073741823
9831	1073741823
9832	1073741823
9833	1073741823
9834	1073741823
9835	1073741823
9847	3
9853	-1
9862	6144
9864	-1
9866	8883
9874	-1
9875	-1
9876	-1
9877	-1
9881	-1
9894	-1
9901	1073741824
9903	-16912800
10128	-1
10129	-1
10130	-1
10131	-1
10132	-1
10133	-1
10134	-1
10135	-1
10136	-1
10137	-1
10138	-1
10139	-1
10140	-1
10141	-1
10142	-1
10143	-1
10144	-1
10145	-1
10146	-1
10147	-1
10148	-1
10149	-1
10150	-1
10151	-1
10152	-1
10153	-1
10154	-1
10155	-1
10160	67108865
10161	1
10181	-1
10229	-1
10246	23
10260	-1
10264	-1
10297	1269
10298	10485760
10316	-1
10318	-1
10319	-1
10323	-1
10339	-1
10340	-1
10341	-1
10342	-1
10405	3696
10406	-1
10437	12792912
10438	-16912800
10473	-1
10476	-1
10479	1
10546	-1
10547	-1
10581	-1
10584	-1
10588	-1
10592	-1
10596	-1
10606	-1
10620	-536444928
10679	-21954882
10680	-166461790
10681	-21954882
10682	-166461790
10683	-21954882
10684	-166461790
10729	-1
10733	-1
10742	33554432
10752	8812
10753	65544842
10771	-1
10774	-1
10788	-1
10789	-1
10792	-1
10793	-1
10794	-1
10823	-1
10824	-1
10825	-1
10826	-1
10827	-1
10828	-1
10829	-1
10830	-1
10850	-1
10904	255
10908	-1
10918	-1
10927	-1
10946	-1
10954	-1
10976	-1
10987	-1
10988	-1
10989	-1
10990	-1
10992	-1
10993	-1
11004	-1
11005	-1
11016	-1
11017	-1
11059	-1
11065	-1
11091	-1
11130	-1
11131	-1
11132	-1
11133	-1
11134	-1
11135	-1
11136	-1
11137	-1
11138	-1
11139	-1
11140	-1
11141	-1
11142	-1
11143	-1
11144	-1
11145	-1
11146	-1
11147	-1
11148	-1
11149	-1
11150	-1
11151	-1
11152	-1
11153	-1
11154	-1
11155	-1
11156	-1
11157	-1
11158	-1
11159	-1
11160	-1
11161	-1
11162	-1
11163	-1
11164	-1
11165	-1
11166	-1
11167	-1
11168	-1
11169	-1
11170	-1
11171	-1
11172	-1
11173	-1
11174	-1
11175	-1
11176	-1
11177	-1
11178	-1
11179	-1
11180	-1
11210	340002816
11211	195
11214	-1
11217	60
11261	-1
11262	-1
11263	-1
11264	-1
11265	-1
11266	-1
11267	-1
11268	-1
11269	-1
11270	-1
11271	-1
11272	-1
11273	-1
11274	-1
11275	-1
11276	-1
11277	-1
11278	-1
11279	-1
11280	-1
11281	-1
11282	-1
11283	-1
11284	-1
11285	-1
11286	-1
11287	-1
11288	-1
11289	-1
11290	-1
11291	-1
11292	-1
11293	-1
11294	-1
11295	-1
11296	-1
11297	-1
11298	-1
11299	-1
11300	-1
11301	-1
11302	-1
11329	-1
11330	22
11333	2
11335	16
11339	-1
11340	-1
11355	-1
11407	-1
11408	-1
11409	-1
11410	-1
11411	-1
11412	-1
11413	-1
11414	-1
11415	-1
11416	-1
11417	-1
11418	-1
11419	-1
11420	-1
11421	-1
11422	-1
11423	-1
11424	-1
11425	-1
11426	-1
11427	-1
11428	-1
11429	-1
11430	-1
11431	-1
11432	-1
11433	-1
11434	-1
11435	-1
11436	-1
11437	-1
11457	-1
11469	1
11482	16
11489	29705712
11553	-1
11562	32834
11563	-59638661
11564	52626217
11565	-59638661
11566	52626217
11567	-59638661
11568	52626217
11598	-1
11601	8
11611	-1
11615	-1
11616	-1
11617	-1
11618	-1
11621	-1
11622	-1
11626	-1
11628	-1
11629	-1
11651	25165824
11661	-1
11665	-1
11669	-1
11700	-1
11704	6530
11714	1269
11715	199
11718	1073760272
11719	157680993
11721	4
11728	9569
11729	4
11730	265551872
11731	-1
11755	-1
11756	-1
11757	-1
11762	8888
11792	-1
11815	-1
11818	-1
11819	-1
11854	-1
11876	-1
11878	-1
11880	-1
11883	-1
11884	-1
11885	-1
11886	-1
11887	-1
11888	-1
11889	-1
11890	-1
11899	-1
11901	-1
11902	-1
11906	-1
11907	-1
11908	-1
11909	-1
11944	-1
11967	-1
11968	134742017
11974	4096
11978	-1
11979	-1
11980	-1
11986	-1
11987	-1
11995	264
12031	-1
12032	-1
12033	-1
12051	-1
12054	-1
12063	-1
12064	-1
12065	-1
12066	-1
12067	-1
12068	-1
12069	-1
12070	-1
12142	-1
12165	-1
12168	3
12171	-1
12181	-1
12194	16777216
12207	-1
12220	-1
12221	-1
12240	8388608
12243	-1
12246	-1
12258	-1
12313	-1
12318	8192
12347	-1
12351	1
12411	1
12440	-1
12462	-1
12496	-1
12497	-1
12498	-1
12500	-1
12501	-1
12502	-1
12503	-1
12504	-1
12505	-1
12506	-1
12507	-1
12508	-1
12509	-1
12510	-1
12511	-1
12512	-1
12513	-1
12514	-1
12515	-1
12516	-1
12526	16384
12577	1
12587	-1
12593	-1
12594	-1
12595	-1
12596	-1
12597	-1
12598	-1
12599	-1
12601	-1
12602	-1
12605	-1
12606	-1
12610	224694
12612	-1
12622	-1
12623	-1
12624	-1
12626	-1
12675	-1
12695	-1
12696	-1
12703	-1
12704	-1
12778	1044735
12858	2048
12861	-16912800
12862	-16912800
12863	12792912
