direction,opcode,size,entry_addr,handler_addr,handler_name,handler_source
SERVER,0,-1,0x013a1ce0,0x013a1d08,packethandlers::Chat::MESSAGE_QUICKCHAT_CLANCHANNEL,BINDER
SERVER,1,-1,0x013a1ca0,0x013a1cc8,packethandlers::NPCInfo::SET_NPC_OP,BINDER
SERVER,2,-1,0x013a1c60,0x013a1c88,packethandlers::Chat::MESSAGE_QUICKCHAT_CLANCHAT,BINDER
SERVER,3,19,0x015c0c00,0x015c0c28,IF_SETTOPLEVELINTERFACE,BINDER
SERVER,4,32,0x015c0b00,0x015c0b28,IF_SETANGLE,BINDER
SERVER,5,0,0x015c1700,0x015c1728,RESET_ALL_VARPS,BINDER
SERVER,6,7,0x015c1e40,0x015c1e68,LOC_PREFETCH,BINDER
SERVER,7,0,0x013a1c20,0x013a1c48,packethandlers::Misc::RESET_ENTITY_LISTS,BINDER
SERVER,8,5,0x015c0440,0x015c0468,IF_SETPLAYERHEAD_ACTIVE,BINDER
SERVER,9,-2,0x013a1be0,0x013a1c08,packethandlers::Chat::CLANCHANNEL_FULL_CHAT,BINDER
SERVER,10,3,0x015c1600,0x015c1628,FUN_000ef6e0_VARP_BIT_SMALL,BINDER
SERVER,11,-2,0x013a1ba0,0x013a1bc8,packethandlers::Chat::MESSAGE_PUBLIC,BINDER
SERVER,12,2,0x015c0e80,0x015c0ea8,Misc::SET_PLAYER_OP_2,BINDER
SERVER,13,1,0x015c0ec0,0x015c0ee8,Misc::SET_PLAYER_OP_3,BINDER
SERVER,14,8,0x015c0580,0x015c05a8,IF_SETSPRITE,BINDER
SERVER,15,11,0x013a1b60,0x013a1b88,FUN_001dade0,BINDER
SERVER,16,2,0x015c1ec0,0x015c1ee8,LOC_DEL,BINDER
SERVER,17,-1,0x015c0f00,0x015c0f28,Misc::SET_PLAYER_OP,BINDER
SERVER,18,1,0x013a1b20,0x013a1b48,packethandlers::Camera::CAM_TARGET,BINDER
SERVER,19,-2,0x013a1ae0,0x013a1b08,FUN_000f7080,BINDER
SERVER,20,3,0x013a1aa0,0x013a1ac8,FUN_001741b0,BINDER
SERVER,21,10,0x015c1a40,0x015c1a68,LOC_ANIM_SPECIFIC,BINDER
SERVER,22,-2,0x015c0f40,0x015c0f68,jag::PlayerList::ProcessPlayerInfo,BINDER
SERVER,23,-2,0x013a1a60,0x013a1a88,packethandlers::PlayerGroup::PLAYER_OP,BINDER
SERVER,24,-1,0x015c1300,0x015c1328,UPDATE_ZONE_PARTIAL,BINDER
SERVER,25,-2,0x013a1a20,0x013a1a48,FUN_001898a0,BINDER
SERVER,26,-2,0x013a19e0,0x013a1a08,packethandlers::SiteSettings::UPDATE_SITESETTINGS_thunk,BINDER
SERVER,27,10,0x013a19a0,0x013a19c8,packethandlers::ZoneUpdates::SPOTANIM_SPECIFIC,BINDER
SERVER,28,6,0x015c1680,0x015c16a8,FUN_000ef740_VARP_LARGE,BINDER
SERVER,29,-2,0x013a1960,0x013a1988,packethandlers::Clans::CLANSETTINGS_FULL,BINDER
SERVER,30,8,0x015c0900,0x015c0928,IF_SET2DANGLE,BINDER
SERVER,31,6,0x013a1920,0x013a1948,FUN_00186f40,BINDER
SERVER,32,8,0x015c0740,0x015c0768,IF_SETCOLOUR,BINDER
SERVER,33,-1,0x013a18e0,0x013a1908,FUN_001a0f40,BINDER
SERVER,34,8,0x013a18a0,0x013a18c8,packethandlers::Audio::SOUND_AREA_SYNTH,BINDER
SERVER,35,12,0x015c0a00,0x015c0a28,IF_SETEVENTS2,BINDER
SERVER,36,10,0x013a1860,0x013a1888,FUN_00186c60,BINDER
SERVER,37,-1,0x013a1820,0x013a1848,packethandlers::Chat::MESSAGE_FRIENDCHANNEL,BINDER
SERVER,38,8,0x015c08c0,0x015c08e8,IF_SET_MODEL_FRAME,BINDER
SERVER,39,6,0x015c0c40,0x015c0c68,IF_OPENTOP,BINDER
SERVER,40,8,0x015c0a40,0x015c0a68,IF_SUBSWAP,BINDER
SERVER,41,3,0x015c2080,0x015c20a8,UPDATE_ZONE_PARTIAL_FOLLOWS,BINDER
SERVER,42,10,0x013a17e0,0x013a1808,packethandlers::ZoneUpdates::SPOTANIM_SPECIFIC_PACKED,BINDER
SERVER,43,12,0x013a17a0,0x013a17c8,packethandlers::ZoneUpdates::SPOTANIM_ENTITY,BINDER
SERVER,44,6,0x015c12c0,0x015c12e8,game::StatTable::UpdateStat,BINDER
SERVER,45,1,0x013a1760,0x013a1788,packethandlers::Misc::SET_MULTIWAY_STATE,BINDER
SERVER,46,5,0x015c1c40,0x015c1c68,OBJ_ADD,BINDER
SERVER,47,3,0x015c1580,0x015c15a8,FUN_000ef680_CLIENT_SETVARC_SMALL,BINDER
SERVER,48,3,0x015c14c0,0x015c14e8,FUN_000ef5f0_CLIENT_SETVARCBIT_SMALL,BINDER
SERVER,49,-2,0x013a1720,0x013a1748,packethandlers::Lobby::CHANGE_LOBBY,BINDER
SERVER,50,-1,0x015c1f40,0x015c1f68,LOC_CUSTOMISE,BINDER
SERVER,51,6,0x015c15c0,0x015c15e8,FUN_000ef6b0_VARP_BIT_LARGE,BINDER
SERVER,52,-2,0x013a16e0,0x013a1708,NPCList::ProcessNpcInfo,BINDER
SERVER,53,-2,0x013a16a0,,UNBOUND,UNBOUND
SERVER,54,-1,0x013a1660,0x013a1688,packethandlers::Misc::NO_TIMEOUT,BINDER
SERVER,55,0,0x015c1380,0x015c13a8,DESTROY_ZONE_DATA,BINDER
SERVER,56,-1,0x013a1620,0x013a1648,packethandlers::Chat::MESSAGE_QUICKCHAT_PRIVATE,BINDER
SERVER,57,6,0x013a15e0,0x013a1608,FUN_00186e60,BINDER
SERVER,58,0,0x015c1340,0x015c1368,RESET_CLIENT_STATE,BINDER
SERVER,59,10,0x015c0600,0x015c0628,IF_SETNPCMODEL,BINDER
SERVER,60,25,0x015c0b40,0x015c0b68,IF_SETPLAYERMODEL_SELF,BINDER
SERVER,61,3,0x015c16c0,0x015c16e8,FUN_000ef770_VARP_SMALL,BINDER
SERVER,62,4,0x015c0a80,0x015c0aa8,IF_CLOSESUB_ACTIVE,BINDER
SERVER,63,10,0x013a15a0,0x013a15c8,FUN_0014ebc0,BINDER
SERVER,64,6,0x015c1540,0x015c1568,FUN_000ef650_CLIENT_SETVARC_LARGE,BINDER
SERVER,65,20,0x015c1dc0,0x015c1de8,MAP_PROJANIM,BINDER
SERVER,66,5,0x013a1560,0x013a1588,FUN_00187160,BINDER
SERVER,67,-2,0x013a1520,0x013a1548,packethandlers::Clans::CLANCHANNEL_FULL,BINDER
SERVER,68,10,0x015c03c0,0x015c03e8,IF_SETMODELORIGIN,BINDER
SERVER,69,6,0x015c1480,0x015c14a8,FUN_000ef5c0_CLIENT_SETVARCBIT_LARGE,BINDER
SERVER,70,25,0x015c0b80,0x015c0ba8,IF_SETPLAYERMODEL_OTHER,BINDER
SERVER,71,7,0x015c1ac0,0x015c1ae8,OBJ_REVEAL,BINDER
SERVER,72,1,0x013a14e0,0x013a1508,packethandlers::Camera::CAM_FORCEANGLE,BINDER
SERVER,73,2,0x013a14a0,0x013a14c8,FUN_00175810,BINDER
SERVER,74,4,0x015c0f80,0x015c0fa8,Misc::SET_DISPLAY_INT,BINDER
SERVER,75,0,0x013a1460,0x013a1488,packethandlers::ClientState::SET_READY_FLAG,BINDER
SERVER,76,-2,0x015c2000,0x015c2028,UPDATE_ZONE_PARTIAL_ENCLOSED,BINDER
SERVER,77,-2,0x013a1420,0x013a1448,packethandlers::Camera::CAM_UPDATE,BINDER
SERVER,78,3,0x015c2040,0x015c2068,UPDATE_ZONE_FULL_FOLLOWS,BINDER
SERVER,79,-1,0x013a13e0,0x013a1408,packethandlers::NPCInfo::NPC_HEADICON_SPECIFIC,BINDER
SERVER,80,1,0x013a13a0,0x013a13c8,packethandlers::Misc::SET_RUN_ENERGY,BINDER
SERVER,81,-2,0x013a1360,0x013a1388,packethandlers::ClientState::REBUILD_NORMAL_SIMPLE,BINDER
SERVER,82,23,0x015c0bc0,0x015c0be8,IF_SETPOSITION,BINDER
SERVER,83,-2,0x013a1320,0x013a1348,packethandlers::ClientState::REBUILD_REGION_ALT,BINDER
SERVER,84,10,0x015c0880,0x015c08a8,IF_SETOBJECT,BINDER
SERVER,85,-2,0x013a12e0,0x013a1308,packethandlers::Inventory::UPDATE_INV_FULL_impl,BINDER
SERVER,86,10,0x015c06c0,0x015c06e8,IF_SETANIM,BINDER
SERVER,87,0,0x013a12a0,0x013a12c8,packethandlers::Camera::CAM_RESET,BINDER
SERVER,88,4,0x013a1260,0x013a1288,FUN_001dad40,BINDER
SERVER,89,19,0x013a1220,0x013a1248,packethandlers::NPCInfo::NPC_SPOTANIM,BINDER
SERVER,90,-1,0x015c1fc0,0x015c1fe8,LOC_ADD,BINDER
SERVER,91,5,0x015c0940,0x015c0968,IF_SETHIDE,BINDER
SERVER,92,-1,0x015c1440,0x015c1468,Misc::SET_VARC_STR_SMALL,BINDER
SERVER,93,-1,0x013a11e0,0x013a1208,packethandlers::Chat::MESSAGE_GAME,BINDER
SERVER,94,8,0x015c0c80,0x015c0ca8,IF_OPENSUB,BINDER
SERVER,95,5,0x013a11a0,0x013a11c8,packethandlers::Audio::MIDI_SONG,BINDER
SERVER,96,4,0x015c0700,0x015c0728,IF_SETANIM_ACTIVE,BINDER
SERVER,97,10,0x015c09c0,0x015c09e8,IF_SETEVENTS,BINDER
SERVER,98,25,0x013a1160,0x013a1188,packethandlers::ZoneUpdates::MAP_PROJANIM_FULL,BINDER
SERVER,99,6,0x015c0540,0x015c0568,IF_SETRECOL,BINDER
SERVER,100,4,0x013a1120,0x013a1148,packethandlers::ClientState::RUNCLIENTSCRIPT_SHORT,BINDER
SERVER,101,4,0x015c0840,0x015c0868,IF_SETOBJECT_ACTIVE,BINDER
SERVER,102,8,0x015c07c0,0x015c07e8,IF_SETMODEL,BINDER
SERVER,103,8,0x015c0780,0x015c07a8,IF_SETGRAPHIC,BINDER
SERVER,104,14,0x013a10e0,0x013a1108,packethandlers::PlayerInfo::PLAYER_INFO_DECODE,BINDER
SERVER,105,-1,0x013a10a0,0x013a10c8,packethandlers::Chat::MESSAGE_CLANCHANNEL,BINDER
SERVER,106,1,0x013a1060,0x013a1088,packethandlers::NPCInfo::SET_NPC_UPDATE_ORIGIN,BINDER
SERVER,107,3,0x015c1bc0,0x015c1be8,OBJ_DEL,BINDER
SERVER,108,-2,0x013a1020,0x013a1048,packethandlers::Clans::CLANSETTINGS_DELTA,BINDER
SERVER,109,28,0x015c0e40,0x015c0e68,PlayerInfo::HANDSHAKE_UID,BINDER
SERVER,110,-2,0x013a0fe0,0x013a1008,packethandlers::ClientState::RUNCLIENTSCRIPT_impl,BINDER
SERVER,111,6,0x013a0fa0,0x013a0fc8,FUN_00175960,BINDER
SERVER,112,2,0x013a0f60,0x013a0f88,packethandlers::ClientState::SET_TICK_TIMER,BINDER
SERVER,113,11,0x015c1cc0,0x015c1ce8,MAP_ANIM,BINDER
SERVER,114,-1,0x013a0f20,0x013a0f48,packethandlers::Chat::CHAT_FILTER_SETTINGS,BINDER
SERVER,115,10,0x015c0680,0x015c06a8,IF_SETNPCHEAD,BINDER
SERVER,116,-2,0x015c1400,0x015c1428,FUN_000ef560_SET_VARC_STR_LARGE,BINDER
SERVER,117,-1,0x013a0ee0,0x013a0f08,packethandlers::Clans::CLANCHANNEL_DELTA,BINDER
SERVER,118,29,0x015c0ac0,0x015c0ae8,IF_SETPLAYERMODEL_SNAPSHOT,BINDER
SERVER,119,35,0x013a0ea0,0x013a0ec8,packethandlers::Misc::CUTSCENE_DATA,BINDER
SERVER,120,0,0x013a0e60,0x013a0e88,packethandlers::Camera::CAM_SMOOTHRESET,BINDER
SERVER,121,-2,0x013a0e20,0x013a0e48,packethandlers::Inventory::UPDATE_INV_PARTIAL,BINDER
SERVER,122,-2,0x015c0980,0x015c09a8,IF_SETTEXT,BINDER
SERVER,123,0,0x015c0400,0x015c0428,IF_TRIGGER_CLOSE,BINDER
SERVER,124,-2,0x013a0de0,0x013a0e08,packethandlers::Chat::CLANSETTINGS_DELTA_CHAT,BINDER
SERVER,125,7,0x015c1b40,0x015c1b68,OBJ_COUNT,BINDER
SERVER,126,-1,0x013a0da0,0x013a0dc8,packethandlers::Chat::MESSAGE_FRIENDCHAT,BINDER
SERVER,127,0,0x013a0d60,0x013a0d88,FUN_00182610,BINDER
SERVER,128,0,0x013a0d20,0x013a0d48,FUN_00173e40,BINDER
SERVER,129,3,0x013a0ce0,0x013a0d08,FUN_001dc630,BINDER
SERVER,130,-1,0x013a0ca0,0x013a0cc8,packethandlers::Social::UPDATE_IGNORELIST_thunk,BINDER
SERVER,131,3,0x015c1000,0x015c1028,FUN_000f9600,BINDER
SERVER,132,2,0x013a0c60,0x013a0c88,packethandlers::Audio::SOUND_STOP,BINDER
SERVER,133,1,0x013a0c20,0x013a0c48,packethandlers::NPCInfo::SET_NPC_UPDATE_FLAG,BINDER
SERVER,134,-2,0x013a0be0,0x013a0c08,packethandlers::NPCInfo::NPC_SAY,BINDER
SERVER,135,-2,0x013a0ba0,0x013a0bc8,FUN_001758f0,BINDER
SERVER,136,5,0x015c0640,0x015c0668,IF_SETANIM_SMALL,BINDER
SERVER,137,1,0x013a0b60,0x013a0b88,packethandlers::Chat::SET_CHAT_FILTER_A,BINDER
SERVER,138,2,0x013a0b20,0x013a0b48,packethandlers::Misc::SKIP_2_BYTES,BINDER
SERVER,139,0,0x013a0ae0,0x013a0b08,packethandlers::Misc::LOGOUT_TRANSFER,BINDER
SERVER,140,17,0x013a0aa0,0x013a0ac8,packethandlers::ZoneUpdates::PLAYER_SPOTANIM,BINDER
SERVER,141,-2,0x013a0a60,0x013a0a88,packethandlers::Interfaces::IF_OPENSUB_thunk,BINDER
SERVER,142,-1,0x013a0a20,0x013a0a48,packethandlers::Misc::SET_URL_STRING,BINDER
SERVER,143,6,0x015c1180,0x015c11a8,FUN_00119e20,BINDER
SERVER,144,2,0x015c1140,0x015c1168,FUN_00119c30,BINDER
SERVER,145,2,0x013a09e0,0x013a0a08,FUN_00187890,BINDER
SERVER,146,2,0x015c1040,0x015c1068,FUN_000f98f0,BINDER
SERVER,147,10,0x015c1640,0x015c1668,FUN_000ef710_VARP_LONG,BINDER
SERVER,148,2,0x015c0380,0x015c03a8,IF_CLOSESUB_BY_ID,BINDER
SERVER,149,6,0x015c1080,0x015c10a8,FUN_000f9a20,BINDER
SERVER,150,3,0x013a09a0,0x013a09c8,FUN_001db620,BINDER
SERVER,151,21,0x015c1d40,0x015c1d68,PROJANIM_SPECIFIC,BINDER
SERVER,152,-1,0x013a0960,0x013a0988,packethandlers::Interfaces::IF_SET_HTTP_IMAGE,BINDER
SERVER,153,4,0x013a0920,0x013a0948,FUN_001dc100,BINDER
SERVER,154,5,0x013a08e0,0x013a0908,FUN_001de6b0,BINDER
SERVER,155,0,0x013a08a0,0x013a08c8,packethandlers::Misc::LOGOUT,BINDER
SERVER,156,1,0x013a0860,0x013a0888,packethandlers::Chat::SET_CHAT_FILTER_B,BINDER
SERVER,157,1,0x013a0820,0x013a0848,FUN_00173a50,BINDER
SERVER,158,9,0x015c04c0,0x015c04e8,IF_SETSCROLLSIZE,BINDER
SERVER,159,-2,0x013a07e0,0x013a0808,FUN_000ec3a0,BINDER
SERVER,160,9,0x013a07a0,0x013a07c8,FUN_001d76a0,BINDER
SERVER,161,-2,0x013a0760,0x013a0788,packethandlers::PlayerGroup::UPDATE_PLAYER_GROUP,BINDER
SERVER,162,0,0x013a0720,0x013a0748,packethandlers::ClientState::TRIGGER_ONDIALOGABORT,BINDER
SERVER,163,15,0x013a06e0,0x013a0708,packethandlers::ZoneUpdates::SPOTANIM_ENTITY_2,BINDER
SERVER,164,28,0x015c1880,0x015c18a8,MAP_PROJANIM_HALT,BINDER
SERVER,165,14,0x015c05c0,0x015c05e8,IF_SETMODEL_COORD,BINDER
SERVER,166,5,0x015c1200,0x015c1228,WORLDENTITY_ADD,BINDER
SERVER,167,12,0x013a06a0,0x013a06c8,packethandlers::Audio::SYNTH_SOUND,BINDER
SERVER,168,-1,0x015c1900,0x015c1928,SOUND_AREA,BINDER
SERVER,169,8,0x013a0660,0x013a0688,packethandlers::Misc::SERVER_TICK_END,BINDER
SERVER,170,5,0x015c1980,0x015c19a8,LOC_MERGE,BINDER
SERVER,171,3,0x015c0fc0,0x015c0fe8,FUN_000ef800,BINDER
SERVER,172,1,0x015c0dc0,0x015c0de8,FUN_000f03f0,BINDER
SERVER,173,-2,0x013a0620,0x013a0648,packethandlers::ZoneUpdates::UNKNOWN_op173_handler,BINDER
SERVER,174,8,0x013a05e0,0x013a0608,HandleAntiCheatChallenge,BINDER
SERVER,175,-1,0x013a05a0,0x013a05c8,packethandlers::Chat::MESSAGE_PRIVATE_ECHO,BINDER
SERVER,176,3,0x015c0e00,0x015c0e28,Misc::SET_INTERACTION_FLAG_D,BINDER
SERVER,177,29,0x015c1800,0x015c1828,PROJANIM_SPECIFIC_HALT,BINDER
SERVER,178,-2,0x015c0d40,0x015c0d68,PlayerInfo::UPDATE_PLAYER_CHAT,BINDER
SERVER,179,9,0x015c0500,0x015c0528,IF_SETSCROLLPOS,BINDER
SERVER,180,5,0x015c0800,0x015c0828,IF_SETOBJECT_SMALL,BINDER
SERVER,181,4,0x013a0560,0x013a0588,FUN_00186b60,BINDER
SERVER,182,3,0x013a0520,0x013a0548,FUN_001dbb80,BINDER
SERVER,183,14,0x015c1780,0x015c17a8,MAP_ANIM_SPECIFIC,BINDER
SERVER,184,4,0x015c0cc0,0x015c0ce8,Misc::SET_SYSUPDATE_TIMER,BINDER
SERVER,185,-1,0x013a04e0,0x013a0508,packethandlers::Chat::MESSAGE_PRIVATE,BINDER
SERVER,186,-2,0x015c1240,0x015c1268,REBUILD_WORLDENTITY,BINDER
SERVER,187,1,0x013a04a0,0x013a04c8,FUN_00173cd0,BINDER
SERVER,188,-2,0x013a0460,0x013a0488,FUN_000f7090,BINDER
SERVER,189,4,0x013a0420,0x013a0448,packethandlers::Audio::VORBIS_PRELOAD,BINDER
SERVER,190,0,0x015c13c0,0x015c13e8,CLEAR_PENDING_UPDATES,BINDER
SERVER,191,4,0x013a03e0,0x013a0408,FUN_00186be0,BINDER
SERVER,192,1,0x013a03a0,0x013a03c8,FUN_00173de0,BINDER
SERVER,193,1,0x015c0d00,0x015c0d28,Misc::SET_INTERACTION_FLAG_C,BINDER
SERVER,194,1,0x015c11c0,0x015c11e8,FUN_000efa80,BINDER
SERVER,195,4,0x013a0360,0x013a0388,packethandlers::Audio::SOUND_AREA_SYNTH_2,BINDER
SERVER,196,10,0x015c1500,0x015c1528,FUN_000ef620_CLIENT_SETVARC_LONG,BINDER
SERVER,197,-2,0x013a0320,0x013a0348,packethandlers::Misc::SKIP_DATA,BINDER
SERVER,198,-1,0x013a02e0,0x013a0308,packethandlers::Misc::UPDATE_URL_STRING,BINDER
SERVER,199,-2,0x015c1280,0x015c12a8,REBUILD_NORMAL,BINDER
SERVER,200,2,0x013a02a0,0x013a02c8,packethandlers::Audio::SOUND_GROUP_STOP,BINDER
SERVER,201,3,0x015c1100,0x015c1128,FUN_000ef970,BINDER
SERVER,202,-2,0x013a0260,0x013a0288,packethandlers::PlayerInfo::PLAYER_INFO_DECODE_2,BINDER
SERVER,203,3,0x013a0220,0x013a0248,FUN_001dd3e0,BINDER
SERVER,204,1,0x015c0d80,0x015c0da8,FUN_000f0380,BINDER
SERVER,205,6,0x013a01e0,0x013a0208,packethandlers::Audio::SOUND_GROUP_SPEED,BINDER
SERVER,206,5,0x015c0480,0x015c04a8,IF_SETNPCHEAD_ACTIVE,BINDER
SERVER,207,3,0x015c10c0,0x015c10e8,FUN_00119b80,BINDER
SERVER,208,-2,0x013a01a0,0x013a01c8,packethandlers::Inventory::UPDATE_INV_GROUP,BINDER
SERVER,209,-2,0x013a0160,0x013a0188,packethandlers::NPCInfo::NPC_INFO_thunk_worldentity,BINDER
SERVER,210,6,0x013a0120,0x013a0148,packethandlers::Audio::VORBIS_SONG,BINDER
SERVER,211,33,0x013a00e0,0x013a0108,packethandlers::ZoneUpdates::MAP_PROJANIM_FULL_2,BINDER
SERVER,212,-1,0x013a00a0,0x013a00c8,packethandlers::WorldData::SET_WORLD_TARGET,BINDER
SERVER,213,-1,0x013a0060,0x013a0088,packethandlers::WorldData::SWITCH_WORLD,BINDER
SERVER,214,0,0x013a0020,0x013a0048,FUN_00182650,BINDER
SERVER,215,8,0x0139ffe0,0x013a0008,FUN_001deaa0,BINDER
SERVER,216,-2,0x0139ffa0,0x0139ffc8,packethandlers::WorldData::WORLDLIST_FETCH_REPLY,BINDER
SERVER,217,4,0x0139ff60,0x0139ff88,packethandlers::Audio::SOUND_MODIFY,BINDER
CLIENT,0,-1,0x015d3ea0,,FUN_00280610,BINDER
CLIENT,1,-1,0x015d3e90,,SendOpNpcCS2,BINDER
CLIENT,2,9,0x015d3e80,,FUN_0015c7b0,BINDER
CLIENT,3,9,0x015d3e70,,SendSceneGraphReport,BINDER
CLIENT,4,-1,0x015d3e60,,UNBOUND,UNBOUND
CLIENT,5,4,0x015d3e50,,SendIfButtonD,BINDER
CLIENT,6,7,0x015d3e40,,SendOpLocU,BINDER
CLIENT,7,4,0x015d3e30,,SendOpTargetOption_CS2,BINDER
CLIENT,8,4,0x015d3e20,,SendMultiDisplayPackets,BINDER
CLIENT,9,12,0x015d3e10,,SendOpLocU,BINDER
CLIENT,10,16,0x015d3e00,0x01365960,0x01365960->IfButtonXInner,CS2_TABLE
CLIENT,11,3,0x015d3df0,,FUN_0015c3d0,BINDER
CLIENT,12,-1,0x015d3de0,,SendMultiDisplayPackets,BINDER
CLIENT,13,8,0x015d3dd0,,SendNoTimeout,BINDER
CLIENT,14,0,0x015d3dc0,,SendEventMouseClick,BINDER
CLIENT,15,6,0x015d3db0,,FUN_002956e0,BINDER
CLIENT,16,6,0x015d3da0,,movescripted,BINDER
CLIENT,17,5,0x015d3d90,,SendOpLocTLong,BINDER
CLIENT,18,17,0x015d3d80,,UNBOUND,UNBOUND
CLIENT,19,9,0x015d3d70,,SendOpObjCS2_2,BINDER
CLIENT,20,-1,0x015d3d60,0x01365958,0x01365958->IfButtonXInner,CS2_TABLE
CLIENT,21,8,0x015d3d50,0x01365968,0x01365968->IfButtonXInner,CS2_TABLE
CLIENT,22,3,0x015d3d40,,SendIfButtonN_CS2,BINDER
CLIENT,23,8,0x015d3d30,,SendOpTargetOption_CS2,BINDER
CLIENT,24,7,0x015d3d20,,SendOpTargetOption_CS2,BINDER
CLIENT,25,11,0x015bfb40,,FUN_00aeeb30,BINDER
CLIENT,26,-2,0x015d3d10,,SendResumeCountDialog,BINDER
CLIENT,27,1,0x015d3d00,,UNBOUND,UNBOUND
CLIENT,28,4,0x015d3cf0,,DoOpLoc,BINDER
CLIENT,29,4,0x015d3ce0,,SendPingStatistics,BINDER
CLIENT,30,8,0x015d3cd0,0x01365940,0x01365940->IfButtonXInner,CS2_TABLE
CLIENT,31,3,0x015d3cc0,,FUN_0015c450,BINDER
CLIENT,32,3,0x015d3cb0,,FUN_0015c430,BINDER
CLIENT,33,3,0x015d3ca0,,SendIfButtonN_CS2,BINDER
CLIENT,34,15,0x015d3c90,,UNBOUND,UNBOUND
CLIENT,35,-1,0x015d3c80,,IfButtonXInner,BINDER
CLIENT,36,7,0x015d3c70,,SendOpTargetOption_CS2,BINDER
CLIENT,37,0,0x015d3c60,,SendQueuedPacket,BINDER
CLIENT,38,-2,0x015d3c50,,SendMessagePrivate,BINDER
CLIENT,39,3,0x015d3c40,,SendIfButtonN_CS2,BINDER
CLIENT,40,3,0x015d3c30,,SendIfButtonN_CS2,BINDER
CLIENT,41,9,0x015d3c20,,FUN_0015c7f0,BINDER
CLIENT,42,-1,0x015d3c10,,FUN_002d0490,BINDER
CLIENT,43,8,0x015d3c00,0x01365950,0x01365950->IfButtonXInner,CS2_TABLE
CLIENT,44,4,0x015d3bf0,,SendStrtol,BINDER
CLIENT,45,8,0x015d3be0,0x01365938,0x01365938->IfButtonXInner,CS2_TABLE
CLIENT,46,1,0x015d3bd0,,UNBOUND,UNBOUND
CLIENT,47,3,0x015d3bc0,,SendIfButtonN_CS2,BINDER
CLIENT,48,-1,0x015d3bb0,,FUN_00172900,BINDER
CLIENT,49,-1,0x015d3ba0,,SendOpObjCS2,BINDER
CLIENT,50,3,0x015d3b90,,SendIfButtonN_CS2,BINDER
CLIENT,51,0,0x015d3b80,,ProcessConnections,BINDER
CLIENT,52,6,0x015d3b70,,SendDisplayInfo,BINDER
CLIENT,53,15,0x015d3b60,,FUN_0015bcf0,BINDER
CLIENT,54,4,0x015d3b50,,SendWorldlistFetch,BINDER
CLIENT,55,11,0x015d3b40,,FUN_0015bad0,BINDER
CLIENT,56,3,0x015d3b30,,SendIfButtonN_CS2,BINDER
CLIENT,57,2,0x015d3b20,,SendAffinedTransformSet_Main,BINDER
CLIENT,58,-2,0x015d3b10,,SendMoveGame,BINDER
CLIENT,59,4,0x015d3b00,,SendDetectModifiedClient,BINDER
CLIENT,60,-1,0x015d3af0,,FUN_002d02a0,BINDER
CLIENT,61,16,0x015d3ae0,,SendIfButtonT,BINDER
CLIENT,62,1,0x015d3ad0,,UNBOUND,UNBOUND
CLIENT,63,3,0x015d3ac0,,FUN_0015c3f0,BINDER
CLIENT,64,7,0x015d3ab0,,SendOpTargetOption_CS2,BINDER
CLIENT,65,4,0x015d3aa0,,FUN_002383e0,BINDER
CLIENT,66,0,0x015d3a90,,SendCloseModal,BINDER
CLIENT,67,18,0x015d3a80,,UNBOUND,UNBOUND
CLIENT,68,8,0x015d3a70,0x01365948,0x01365948->IfButtonXInner,CS2_TABLE
CLIENT,69,2,0x015d3a60,,FUN_002d03b0,BINDER
CLIENT,70,-1,0x015d3a50,,SendFriendlistDel,BINDER
CLIENT,71,-1,0x015d3a40,,SendResumeNameDialog,BINDER
CLIENT,72,-2,0x015d3a30,,UNBOUND,UNBOUND
CLIENT,73,3,0x015d3a20,,SendIfButtonN_CS2,BINDER
CLIENT,74,5,0x015d3a10,,SendMoveMinimapClick,BINDER
CLIENT,75,-1,0x015d3a00,,SendEncodedString2,BINDER
CLIENT,76,4,0x015d39f0,,SendEventAppletFocus,BINDER
CLIENT,77,9,0x015d39e0,,UNBOUND,UNBOUND
CLIENT,78,18,0x015d39d0,,SendMoveMinimapClick,BINDER
CLIENT,79,1,0x015d39c0,,UNBOUND,UNBOUND
CLIENT,80,-1,0x015d39b0,,SendIgnorelistAdd,BINDER
CLIENT,81,-2,0x015d39a0,,SendMultiDisplayPackets,BINDER
CLIENT,82,-2,0x015d3990,,UNBOUND,UNBOUND
CLIENT,83,-1,0x015d3980,,UNBOUND,UNBOUND
CLIENT,84,22,0x015d3970,,SendIfButtonTargetMenu,BINDER
CLIENT,85,-1,0x015d3960,,activechatphrase_sendprivate,BINDER
CLIENT,86,11,0x015d3950,,FUN_0015c100,BINDER
CLIENT,87,-1,0x015d3940,,SendMessagePublicWithEffects,BINDER
CLIENT,88,-2,0x015d3930,,SendDataReport,BINDER
CLIENT,89,-1,0x015d3920,,SendSocialRequest,BINDER
CLIENT,90,-1,0x015d3910,,UNBOUND,UNBOUND
CLIENT,91,3,0x015d3900,,SendIfButtonN_CS2,BINDER
CLIENT,92,8,0x015d38f0,0x01365930,0x01365930->IfButtonXInner,CS2_TABLE
CLIENT,93,-2,0x015d38e0,,SendVerifiedStringSend,BINDER
CLIENT,94,3,0x015d38d0,,SendWindowStatus,BINDER
CLIENT,95,4,0x015d38c0,,UNBOUND,UNBOUND
CLIENT,96,0,0x015d38b0,,UNBOUND,UNBOUND
CLIENT,97,-1,0x015d38a0,,FUN_002d0680,BINDER
CLIENT,98,-1,0x015d3890,,FUN_001729b0,BINDER
CLIENT,99,-1,0x015d3880,,FUN_002d0830,BINDER
CLIENT,100,-1,0x015d3870,,SendFriendlistAdd,BINDER
CLIENT,101,7,0x015d3860,,SendOpTargetOption_CS2,BINDER
CLIENT,102,-2,0x015d3850,,SendIfServerTransmit,BINDER
CLIENT,103,8,0x015d3840,0x01365928,0x01365928->IfButtonXInner,CS2_TABLE
CLIENT,104,2,0x015d3830,,UNBOUND,UNBOUND
CLIENT,105,-2,0x015d3820,,SendAppletFocusEvents,BINDER
CLIENT,106,1,0x015d3810,,SendMultiDisplayPackets,BINDER
CLIENT,107,0,0x015d3800,,SendMapBuildComplete,BINDER
CLIENT,108,3,0x015d37f0,,SendIfButtonN_CS2,BINDER
CLIENT,109,9,0x015d37e0,,FUN_0015c810,BINDER
CLIENT,110,7,0x015d37d0,,SendEventMouseMove,BINDER
CLIENT,111,9,0x015d37c0,,FUN_0015c830,BINDER
CLIENT,112,7,0x015d37b0,,SendOpTargetOption_CS2,BINDER
CLIENT,113,3,0x015d37a0,,FUN_0015c410,BINDER
CLIENT,114,-1,0x015d3790,,FUN_00269660,BINDER
CLIENT,115,3,0x015d3780,,FUN_00269560,BINDER
CLIENT,116,2,0x015d3770,,FUN_002d05a0,BINDER
CLIENT,117,-1,0x015d3760,,SendEncodedString,BINDER
CLIENT,118,-1,0x015d3750,,activechatphrase_send,BINDER
CLIENT,119,-2,0x015d3740,,SendResumePauseButton,BINDER
CLIENT,120,8,0x015d3730,,SendStrtoll,BINDER
CLIENT,121,3,0x015d3720,,FUN_0015c3b0,BINDER
CLIENT,122,-2,0x015d3710,,FUN_002d1af0,BINDER
CLIENT,123,1,0x015d3700,,SendBugReport,BINDER
CLIENT,124,-1,0x015d36f0,,SendMessagePublic,BINDER
CLIENT,125,9,0x015d36e0,,FUN_0015c850,BINDER
CLIENT,126,9,0x015d36d0,,FUN_0015c7d0,BINDER
CLIENT,127,8,0x015d36c0,0x01365920,0x01365920->IfButtonXInner,CS2_TABLE
CLIENT,128,-2,0x015d36b0,,UNBOUND,UNBOUND
CLIENT,129,-1,0x015d36a0,,SendOpLocCS2,BINDER
